driverId,constructorId,circuitId,Did not finish,Podium,Pos 4 to 10,Accident / Collision,SC,Dry,Wet,pitStop timing (avg),pitStop timing prop(driver),grid,driver_error_rate,constructor_error_rate,circuit_error_rate,race_class
1,131,1,0.33,0.33,0.33,0,0.67,1,0,14691,0.073046093,1,0.009615385,0.073717949,0.126245847,1
1,131,3,0,0.67,0.33,0,0.33,1,0,23758,0.073046093,1,0.009615385,0.073717949,0.028571429,1
1,131,17,0,1,0,0,0.33,1,0,21944.66667,0.073046093,22,0.009615385,0.073717949,0.046357616,2
1,131,71,0,1,0,0,0.5,1,0,0,0.073046093,10,0.009615385,0.073717949,0.108433735,1
1,131,4,0,0.67,0,0,0,1,0,21670.66667,0.073046093,1,0.009615385,0.073717949,0.069536424,0
1,131,6,0,0.67,0,0,1,1,0,25935,0.073046093,3,0.009615385,0.073717949,0.160535117,1
1,131,7,0.33,0.67,0,0,0.33,1,0,22639.33333,0.073046093,1,0.009615385,0.073717949,0.106382979,1
1,131,70,0,1,0,0,0.5,1,0,22212,0.073046093,1,0.009615385,0.073717949,0.023809524,1
1,131,9,0,0.67,0,0,1,0.67,0,27635,0.073046093,1,0.009615385,0.073717949,0.066225166,1
1,131,11,0,0.67,0.33,0,0.67,0.67,0,20693,0.073046093,2,0.009615385,0.073717949,0.043046358,1
1,131,13,0.33,0.67,0,0,0.33,1,0,23464.66667,0.073046093,21,0.009615385,0.073717949,0.103571429,1
1,131,14,0,0.67,0.33,0,0,1,0,24378.66667,0.073046093,1,0.009615385,0.073717949,0.043046358,1
1,131,15,0.33,0.33,0.33,0,1,1,0,29100.5,0.073046093,3,0.009615385,0.073717949,0.114678899,1
1,131,2,0,1,0,0,0.33,0.67,0,23311.33333,0.073046093,1,0.009615385,0.073717949,0.036184211,0
1,131,22,0.33,0.67,0,0,0.33,0.67,0.33,24046.33333,0.073046093,2,0.009615385,0.073717949,0.073359073,1
1,131,69,0,0.67,0,0,1,0.67,0,24078.66667,0.073046093,1,0.009615385,0.073717949,0.047619048,1
1,131,32,0,1,0,0,1,1,0,22328,0.073046093,1,0.009615385,0.073717949,0.048387097,1
1,131,18,0,0.67,0.33,0,0,1,0,21065,0.073046093,1,0.009615385,0.073717949,0.097643098,1
1,131,24,0,0.67,0.33,0,0,1,0,21629.33333,0.073046093,1,0.009615385,0.073717949,0.045918367,1
1,131,1,0.33,0.67,0,0,1,1,0,11147.5,0.058989332,1,0.009615385,0.073717949,0.126245847,1
1,131,17,0,0.67,0.33,0,0.67,1,0,22977.33333,0.058989332,1,0.009615385,0.073717949,0.046357616,1
1,131,3,0,1,0,0,0.33,1,0,24732.66667,0.058989332,2,0.009615385,0.073717949,0.028571429,1
1,131,71,0,1,0,0,0.67,1,0,0,0.058989332,4,0.009615385,0.073717949,0.108433735,2
1,131,4,0.33,0.67,0,0.33,0.33,1,0,15185,0.058989332,1,0.009615385,0.073717949,0.069536424,1
1,131,6,0,1,0,0,1,0.67,0,26439.66667,0.058989332,13,0.009615385,0.073717949,0.160535117,2
1,131,7,0.33,0.67,0,0,0.67,1,0,23168.33333,0.058989332,1,0.009615385,0.073717949,0.106382979,1
1,131,73,0,0,1,0,0,1,0,20108,0.058989332,1,0.009615385,0.073717949,0.024390244,2
1,131,70,0,1,0,0,0.67,1,0,22177.66667,0.058989332,8,0.009615385,0.073717949,0.023809524,2
1,131,9,0,1,0,0,1,0.33,0,28999.33333,0.058989332,1,0.009615385,0.073717949,0.066225166,1
1,131,11,0,0.67,0.33,0,0.67,0.67,0,20572,0.058989332,4,0.009615385,0.073717949,0.043046358,2
1,131,13,0.33,0.67,0,0,0.67,1,0,23381.33333,0.058989332,1,0.009615385,0.073717949,0.103571429,1
1,131,14,0,1,0,0,0,1,0,24151.33333,0.058989332,1,0.009615385,0.073717949,0.043046358,1
1,131,15,0.33,0.67,0,0,1,1,0,28838.66667,0.058989332,5,0.009615385,0.073717949,0.114678899,1
1,131,2,0.33,0.67,0,0,0.67,1,0,24117.33333,0.058989332,1,0.009615385,0.073717949,0.036184211,1
1,131,22,0,1,0,0,0.33,0.67,0.33,23191.33333,0.058989332,1,0.009615385,0.073717949,0.073359073,1
1,131,69,0,1,0,0,0.67,0.67,0,23969,0.058989332,1,0.009615385,0.073717949,0.047619048,1
1,131,32,0,1,0,0,1,1,0,22018.5,0.058989332,3,0.009615385,0.073717949,0.048387097,2
1,131,18,0,1,0,0,0.33,0.67,0.33,22905,0.058989332,20,0.009615385,0.073717949,0.097643098,2
1,131,24,0,1,0,0,0,1,0,21544.66667,0.058989332,2,0.009615385,0.073717949,0.045918367,1
3,131,1,0,0,0.33,0,0.67,1,0,0,0.055303369,2,0.004854369,0.073717949,0.126245847,1
3,131,3,0,0,0.33,0,0.33,1,0,0,0.055303369,2,0.004854369,0.073717949,0.028571429,1
3,131,17,0,0,0.33,0,0.33,1,0,0,0.055303369,1,0.004854369,0.073717949,0.046357616,1
3,131,71,0,0,0.33,0,0.5,1,0,0,0.055303369,1,0.004854369,0.073717949,0.108433735,1
3,131,4,0,0,0.33,0,0,1,0,0,0.055303369,2,0.004854369,0.073717949,0.069536424,0
3,131,6,0,0,0.33,0,1,1,0,0,0.055303369,2,0.004854369,0.073717949,0.160535117,2
3,131,7,0,0,0.33,0,0.33,1,0,0,0.055303369,2,0.004854369,0.073717949,0.106382979,2
3,131,70,0,0,0.33,0,0.5,1,0,0,0.055303369,6,0.004854369,0.073717949,0.023809524,2
3,131,9,0,0,0.33,0,1,0.67,0,0,0.055303369,2,0.004854369,0.073717949,0.066225166,1
3,131,11,0,0,0.33,0,0.67,0.67,0,0,0.055303369,1,0.004854369,0.073717949,0.043046358,1
3,131,13,0,0,0.33,0,0.33,1,0,0,0.055303369,1,0.004854369,0.073717949,0.103571429,1
3,131,14,0,0,0.33,0,0,1,0,0,0.055303369,2,0.004854369,0.073717949,0.043046358,1
3,131,15,0,0,0.33,0,1,1,0,0,0.055303369,1,0.004854369,0.073717949,0.114678899,1
3,131,2,0,0,0.33,0,0.33,0.67,0,0,0.055303369,2,0.004854369,0.073717949,0.036184211,1
3,131,22,0,0,0.33,0,0.33,0.67,0.33,0,0.055303369,1,0.004854369,0.073717949,0.073359073,1
3,131,69,0,0,0.33,0,1,0.67,0,0,0.055303369,2,0.004854369,0.073717949,0.047619048,1
3,131,32,0,0,0.33,0,1,1,0,0,0.055303369,2,0.004854369,0.073717949,0.048387097,1
3,131,18,0,0,0.33,0,0,1,0,0,0.055303369,2,0.004854369,0.073717949,0.097643098,1
3,131,24,0,0,0.33,0,0,1,0,0,0.055303369,2,0.004854369,0.073717949,0.045918367,1
20,6,1,0.33,0.67,0,0,0.67,1,0,14763.33333,0.065532739,3,0.010050251,0.072243346,0.126245847,1
20,6,3,0,0.33,0.67,0,0.33,1,0,24046,0.065532739,3,0.010050251,0.072243346,0.028571429,0
20,6,17,0,0.33,0.33,0,0.33,1,0,21627,0.065532739,4,0.010050251,0.072243346,0.046357616,1
20,6,71,0,0.5,0.5,0,0.5,1,0,29367,0.065532739,7,0.010050251,0.072243346,0.108433735,0
20,6,4,0,0.33,0,0,0,1,0,20712.66667,0.065532739,6,0.010050251,0.072243346,0.069536424,1
20,6,6,0.33,0.67,0,0,1,1,0,24613,0.065532739,4,0.010050251,0.072243346,0.160535117,2
20,6,7,0,0.67,0.33,0,0.33,1,0,22727.66667,0.065532739,3,0.010050251,0.072243346,0.106382979,1
20,6,70,0.5,0,0,0,0.5,1,0,0,0.065532739,9,0.010050251,0.072243346,0.023809524,0
20,6,9,0.33,0.33,0.33,0,1,0.67,0,26439.5,0.065532739,11,0.010050251,0.072243346,0.066225166,2
20,6,11,0,0.67,0.33,0,0.67,0.67,0,20131.66667,0.065532739,5,0.010050251,0.072243346,0.043046358,2
20,6,13,0,0.33,0.33,0,0.33,1,0,22918.33333,0.065532739,4,0.010050251,0.072243346,0.103571429,2
20,6,14,0,0.67,0.33,0,0,1,0,24607,0.065532739,3,0.010050251,0.072243346,0.043046358,1
20,6,15,0,1,0,0,1,1,0,28980,0.065532739,22,0.010050251,0.072243346,0.114678899,2
20,6,2,0,1,0,0,0.33,0.67,0,23678.33333,0.065532739,5,0.010050251,0.072243346,0.036184211,0
20,6,22,0,1,0,0,0.33,0.67,0.33,23148.66667,0.065532739,6,0.010050251,0.072243346,0.073359073,2
20,6,69,0,0.67,0.33,0,1,0.67,0,24064,0.065532739,6,0.010050251,0.072243346,0.047619048,2
20,6,32,1,0,0,1,1,1,0,22156,0.065532739,7,0.010050251,0.072243346,0.048387097,2
20,6,18,0,0.67,0.33,0,0,1,0,23303.5,0.065532739,5,0.010050251,0.072243346,0.097643098,2
20,6,24,0,0.33,0.33,0,0,1,0,21463,0.065532739,5,0.010050251,0.072243346,0.045918367,1
20,6,1,0.33,0.67,0,0,1,1,0,15747.33333,0.051642082,2,0.010050251,0.072243346,0.126245847,1
20,6,17,0,0.67,0.33,0,0.67,1,0,22346.66667,0.051642082,2,0.010050251,0.072243346,0.046357616,1
20,6,3,0.33,0,0.67,0,0.33,1,0,13093,0.051642082,3,0.010050251,0.072243346,0.028571429,1
20,6,71,0.33,0.33,0.33,0.33,0.67,1,0,14683.5,0.051642082,1,0.010050251,0.072243346,0.108433735,1
20,6,4,0,0.67,0,0,0.33,1,0,21682.33333,0.051642082,2,0.010050251,0.072243346,0.069536424,1
20,6,6,0.33,0.33,0,0,1,0.67,0,25206,0.051642082,2,0.010050251,0.072243346,0.160535117,1
20,6,7,0,0.67,0.33,0,0.67,1,0,23215.33333,0.051642082,2,0.010050251,0.072243346,0.106382979,2
20,6,73,0,1,0,0,0,1,0,20422,0.051642082,4,0.010050251,0.072243346,0.024390244,2
20,6,70,0.67,0,0,0,0.67,1,0,0,0.051642082,2,0.010050251,0.072243346,0.023809524,1
20,6,9,0,0.33,0.67,0,1,0.33,0,28975,0.051642082,3,0.010050251,0.072243346,0.066225166,2
20,6,11,0,0.33,0.33,0,0.67,0.67,0,20088,0.051642082,1,0.010050251,0.072243346,0.043046358,1
20,6,13,0,0,0.67,0,0.67,1,0,22877.66667,0.051642082,2,0.010050251,0.072243346,0.103571429,1
20,6,14,0,0.67,0.33,0,0,1,0,24849.66667,0.051642082,6,0.010050251,0.072243346,0.043046358,1
20,6,15,0,0.67,0.33,0,1,1,0,29003,0.051642082,1,0.010050251,0.072243346,0.114678899,0
20,6,2,0.33,0.67,0,0.33,0.67,1,0,16759.33333,0.051642082,20,0.010050251,0.072243346,0.036184211,2
20,6,22,0,0.67,0,0,0.33,0.67,0.33,23153.33333,0.051642082,2,0.010050251,0.072243346,0.073359073,0
20,6,69,0,0.33,0.33,0,0.67,0.67,0,24087.33333,0.051642082,2,0.010050251,0.072243346,0.047619048,1
20,6,32,0.5,0,0.5,0.5,1,1,0,22095.5,0.051642082,1,0.010050251,0.072243346,0.048387097,2
20,6,18,0,0.33,0.67,0,0.33,0.67,0.33,23303.5,0.051642082,2,0.010050251,0.072243346,0.097643098,1
20,6,24,0,0.33,0.33,0,0,1,0,21750,0.051642082,3,0.010050251,0.072243346,0.045918367,1
8,6,1,0.33,0.33,0.33,0,0.67,1,0,22137,0.049454086,4,0.00896861,0.072243346,0.126245847,0
8,6,3,0,0.67,0,0,0.33,1,0,23574.33333,0.049454086,4,0.00896861,0.072243346,0.028571429,1
8,6,17,0,0.33,0.33,0,0.33,1,0,22069.33333,0.049454086,3,0.00896861,0.072243346,0.046357616,2
8,6,71,0,0,1,0,0.5,1,0,0,0.049454086,3,0.00896861,0.072243346,0.108433735,1
8,6,4,0,0.33,0.67,0,0,1,0,21566.66667,0.049454086,5,0.00896861,0.072243346,0.069536424,1
8,6,6,0,0,0.33,0,1,1,0,24651,0.049454086,11,0.00896861,0.072243346,0.160535117,0
8,6,7,0,0,0.33,0,0.33,1,0,24660.33333,0.049454086,6,0.00896861,0.072243346,0.106382979,2
8,6,70,0.5,0,0,0.5,0.5,1,0,10809,0.049454086,4,0.00896861,0.072243346,0.023809524,1
8,6,9,0.33,0,0.67,0.33,1,0.67,0,12214,0.049454086,5,0.00896861,0.072243346,0.066225166,2
8,6,11,0.33,0.33,0.33,0,0.67,0.67,0,21898.5,0.049454086,14,0.00896861,0.072243346,0.043046358,2
8,6,13,0.33,0,0.33,0,0.33,1,0,23235.33333,0.049454086,3,0.00896861,0.072243346,0.103571429,2
8,6,14,0,0,0.67,0,0,1,0,24584.33333,0.049454086,4,0.00896861,0.072243346,0.043046358,2
8,6,15,0,0.67,0.33,0,1,1,0,0,0.049454086,5,0.00896861,0.072243346,0.114678899,2
8,6,2,0,0,0.33,0,0.33,0.67,0,23600.66667,0.049454086,6,0.00896861,0.072243346,0.036184211,2
8,6,22,0,0,0.33,0,0.33,0.67,0.33,23547.33333,0.049454086,8,0.00896861,0.072243346,0.073359073,2
8,6,69,0.5,0,0,0,1,0.67,0,24226,0.049454086,5,0.00896861,0.072243346,0.047619048,0
8,6,32,1,0,0,1,1,1,0,0,0.049454086,6,0.00896861,0.072243346,0.048387097,2
8,6,18,0,0,0.5,0,0,1,0,26621,0.049454086,3,0.00896861,0.072243346,0.097643098,0
8,6,24,0.33,0.33,0,0.33,0,1,0,15939.66667,0.049454086,4,0.00896861,0.072243346,0.045918367,2
8,6,1,0.67,0,0.33,0,1,1,0,22115,0.05507723,4,0.00896861,0.072243346,0.126245847,2
8,6,17,0,0,0.67,0,0.67,1,0,22858.66667,0.05507723,4,0.00896861,0.072243346,0.046357616,2
8,6,3,0,0.67,0,0,0.33,1,0,24752.33333,0.05507723,5,0.00896861,0.072243346,0.028571429,2
8,6,71,0,0.33,0.67,0,0.67,1,0,0,0.05507723,2,0.00896861,0.072243346,0.108433735,1
8,6,4,0,0.33,0.67,0,0.33,1,0,22228.33333,0.05507723,4,0.00896861,0.072243346,0.069536424,0
8,6,6,0.33,0,0.33,0.33,1,0.67,0,12088.5,0.05507723,1,0.00896861,0.072243346,0.160535117,1
8,6,7,0,0,0.33,0,0.67,1,0,24020.66667,0.05507723,4,0.00896861,0.072243346,0.106382979,2
8,6,73,0,0,0,0,0,1,0,20593,0.05507723,3,0.00896861,0.072243346,0.024390244,0
8,6,70,0.33,0.33,0,0.33,0.67,1,0,13357.66667,0.05507723,3,0.00896861,0.072243346,0.023809524,2
8,6,9,0.33,0,0.67,0.33,1,0.33,0,0,0.05507723,2,0.00896861,0.072243346,0.066225166,1
8,6,11,0.33,0,0.67,0,0.67,0.67,0,22005.5,0.05507723,2,0.00896861,0.072243346,0.043046358,1
8,6,13,0,0,0.67,0,0.67,1,0,23006,0.05507723,4,0.00896861,0.072243346,0.103571429,2
8,6,14,0,0,0.67,0,0,1,0,24422.66667,0.05507723,5,0.00896861,0.072243346,0.043046358,2
8,6,15,0,0.33,0.33,0,1,1,0,28954,0.05507723,4,0.00896861,0.072243346,0.114678899,0
8,6,2,0,0,0,0,0.67,1,0,24569.33333,0.05507723,0,0.00896861,0.072243346,0.036184211,0
8,6,22,0,0,0.33,0,0.33,0.67,0.33,23371.33333,0.05507723,10,0.00896861,0.072243346,0.073359073,2
8,6,69,0.67,0,0,0,0.67,0.67,0,24805,0.05507723,5,0.00896861,0.072243346,0.047619048,1
8,6,32,0.5,0,0.5,0.5,1,1,0,11487,0.05507723,5,0.00896861,0.072243346,0.048387097,1
8,6,18,0.33,0,0.33,0.33,0.33,0.67,0.33,17747.33333,0.05507723,3,0.00896861,0.072243346,0.097643098,1
8,6,24,0,0.33,0.33,0,0,1,0,23302,0.05507723,5,0.00896861,0.072243346,0.045918367,2
822,3,1,0.33,0,0.33,0,0.67,1,0,15725.66667,0.059555327,16,0.010204082,0.131428571,0.126245847,2
822,3,3,0,0,0.33,0,0.33,1,0,24813.33333,0.059555327,6,0.010204082,0.131428571,0.028571429,2
822,3,17,0,0,0.67,0,0.33,1,0,22903.66667,0.059555327,5,0.010204082,0.131428571,0.046357616,2
822,3,71,0,0.5,0,0.5,0.5,1,0,0,0.059555327,2,0.010204082,0.131428571,0.108433735,2
822,3,4,0,0,0.33,0,0,1,0,21469.66667,0.059555327,7,0.010204082,0.131428571,0.069536424,2
822,3,6,0.33,0,0,0,1,1,0,26356.66667,0.059555327,10,0.010204082,0.131428571,0.160535117,3
822,3,7,0,0.33,0.33,0,0.33,1,0,24816.66667,0.059555327,7,0.010204082,0.131428571,0.106382979,1
822,3,70,0,0.5,0.5,0,0.5,1,0,22492.5,0.059555327,7,0.010204082,0.131428571,0.023809524,2
822,3,9,0,0.33,0.33,0,1,0.67,0,29104,0.059555327,6,0.010204082,0.131428571,0.066225166,3
822,3,11,0.33,0,0.33,0,0.67,0.67,0,22600.5,0.059555327,10,0.010204082,0.131428571,0.043046358,2
822,3,13,0,0.33,0.33,0,0.33,1,0,23401.66667,0.059555327,8,0.010204082,0.131428571,0.103571429,2
822,3,14,0,0,0,0,0,1,0,25064,0.059555327,5,0.010204082,0.131428571,0.043046358,2
822,3,15,0,0,0.33,0,1,1,0,29059.5,0.059555327,10,0.010204082,0.131428571,0.114678899,0
822,3,2,0,0,0.67,0,0.33,0.67,0,24145.66667,0.059555327,11,0.010204082,0.131428571,0.036184211,2
822,3,22,0,0,0.67,0,0.33,0.67,0.33,24041,0.059555327,11,0.010204082,0.131428571,0.073359073,2
822,3,69,0.33,0,0.67,0,1,0.67,0,25227,0.059555327,8,0.010204082,0.131428571,0.047619048,3
822,3,32,0,1,0,0,1,1,0,23160,0.059555327,8,0.010204082,0.131428571,0.048387097,2
822,3,18,0.33,0,0.33,0.33,0,1,0,25023.66667,0.059555327,11,0.010204082,0.131428571,0.097643098,3
822,3,24,0,0.33,0,0,0,1,0,24347.5,0.059555327,11,0.010204082,0.131428571,0.045918367,0
822,131,1,0.33,0,0.67,0,1,1,0,11558.5,0.059385523,3,0.010204082,0.073717949,0.126245847,1
822,131,17,0,0,0.67,0,0.67,1,0,23322.66667,0.059385523,3,0.010204082,0.073717949,0.046357616,2
822,131,3,0,0,0.67,0,0.33,1,0,25571,0.059385523,1,0.010204082,0.073717949,0.028571429,1
822,131,71,0,0.33,0,0.33,0.67,1,0,0,0.059385523,3,0.010204082,0.073717949,0.108433735,1
822,131,4,0,0,0.67,0,0.33,1,0,22314.66667,0.059385523,3,0.010204082,0.073717949,0.069536424,0
822,131,6,0.33,0,0,0,1,0.67,0,24893.33333,0.059385523,3,0.010204082,0.073717949,0.160535117,2
822,131,7,0,0.67,0.33,0,0.67,1,0,24072,0.059385523,3,0.010204082,0.073717949,0.106382979,1
822,131,73,0,0,1,0,0,1,0,19732,0.059385523,2,0.010204082,0.073717949,0.024390244,1
822,131,70,0,0.33,0.67,0,0.67,1,0,22208,0.059385523,1,0.010204082,0.073717949,0.023809524,1
822,131,9,0,0.33,0.33,0,1,0.33,0,29193,0.059385523,9,0.010204082,0.073717949,0.066225166,1
822,131,11,0,0,0.67,0,0.67,0.67,0,21997,0.059385523,3,0.010204082,0.073717949,0.043046358,1
822,131,13,0,0.33,0.67,0,0.67,1,0,22994.33333,0.059385523,3,0.010204082,0.073717949,0.103571429,2
822,131,14,0,0,0.33,0,0,1,0,24808.66667,0.059385523,4,0.010204082,0.073717949,0.043046358,1
822,131,15,0.33,0,0.33,0,1,1,0,29059.5,0.059385523,6,0.010204082,0.073717949,0.114678899,1
822,131,2,0,0,1,0,0.67,1,0,24442.66667,0.059385523,5,0.010204082,0.073717949,0.036184211,2
822,131,22,0,0,0.67,0,0.33,0.67,0.33,24549,0.059385523,6,0.010204082,0.073717949,0.073359073,2
822,131,69,0.33,0,0.33,0,0.67,0.67,0,25296.33333,0.059385523,3,0.010204082,0.073717949,0.047619048,2
822,131,32,0,0.5,0.5,0,1,1,0,22778,0.059385523,4,0.010204082,0.073717949,0.048387097,1
822,131,18,0,0,0.33,0,0.33,0.67,0.33,25456.66667,0.059385523,1,0.010204082,0.073717949,0.097643098,1
822,131,24,0.33,0.33,0,0,0,1,0,11007.5,0.059385523,1,0.010204082,0.073717949,0.045918367,1
13,3,1,0.33,0,0,0.33,0.67,1,0,14523.66667,0.069876408,6,0.019685039,0.131428571,0.126245847,2
13,3,3,0,0,0.33,0,0.33,1,0,25783,0.069876408,7,0.019685039,0.131428571,0.028571429,2
13,3,17,0,0,0.67,0,0.33,1,0,22198.66667,0.069876408,10,0.019685039,0.131428571,0.046357616,2
13,3,71,0,0,0,0,0.5,1,0,0,0.069876408,4,0.019685039,0.131428571,0.108433735,2
13,3,4,0,0.33,0.33,0,0,1,0,21187.33333,0.069876408,18,0.019685039,0.131428571,0.069536424,2
13,3,6,0.33,0,0.33,0.33,1,1,0,24663.33333,0.069876408,14,0.019685039,0.131428571,0.160535117,2
13,3,7,0,0,0.67,0.33,0.33,1,0,22765.33333,0.069876408,8,0.019685039,0.131428571,0.106382979,0
13,3,70,0,0.5,0,0,0.5,1,0,22271.5,0.069876408,10,0.019685039,0.131428571,0.023809524,0
13,3,9,0.33,0,0.33,0.33,1,0.67,0,12436,0.069876408,12,0.019685039,0.131428571,0.066225166,3
13,3,11,0,0,0.67,0,0.67,0.67,0,21797.33333,0.069876408,18,0.019685039,0.131428571,0.043046358,3
13,3,13,0,0,0.67,0,0.33,1,0,23171,0.069876408,10,0.019685039,0.131428571,0.103571429,2
13,3,14,0,0.67,0,0,0,1,0,24740.66667,0.069876408,11,0.019685039,0.131428571,0.043046358,2
13,3,15,0.33,0,0.67,0,1,1,0,26710.5,0.069876408,11,0.019685039,0.131428571,0.114678899,3
13,3,2,0,0,1,0,0.33,0.67,0,24155.66667,0.069876408,10,0.019685039,0.131428571,0.036184211,3
13,3,22,0,0,0.33,0,0.33,0.67,0.33,22474,0.069876408,12,0.019685039,0.131428571,0.073359073,2
13,3,69,0.33,0,0,0,1,0.67,0,24739.33333,0.069876408,9,0.019685039,0.131428571,0.047619048,2
13,3,32,0,0,1,0,1,1,0,23086,0.069876408,9,0.019685039,0.131428571,0.048387097,2
13,3,18,0.33,0.33,0.33,0,0,1,0,24324.66667,0.069876408,13,0.019685039,0.131428571,0.097643098,0
13,3,24,0,0.33,0.67,0,0,1,0,22355,0.069876408,10,0.019685039,0.131428571,0.045918367,2
13,3,1,0.33,0,0.33,0.33,1,1,0,11031,0.055303369,7,0.019685039,0.131428571,0.126245847,2
13,3,17,0,0,0.67,0,0.67,1,0,23498.66667,0.055303369,6,0.019685039,0.131428571,0.046357616,3
13,3,3,0,0,0.67,0,0.33,1,0,24609.33333,0.055303369,8,0.019685039,0.131428571,0.028571429,2
13,3,71,0,0,0.33,0,0.67,1,0,0,0.055303369,6,0.019685039,0.131428571,0.108433735,2
13,3,4,0,0,0.67,0,0.33,1,0,22130.66667,0.055303369,9,0.019685039,0.131428571,0.069536424,3
13,3,6,0,0,0.33,0,1,0.67,0,24613.66667,0.055303369,14,0.019685039,0.131428571,0.160535117,2
13,3,7,0.33,0,0.33,0.33,0.67,1,0,23616.33333,0.055303369,7,0.019685039,0.131428571,0.106382979,0
13,3,73,0,0,0,0,0,1,0,19858,0.055303369,9,0.019685039,0.131428571,0.024390244,0
13,3,70,0,0.33,0,0,0.67,1,0,21924.66667,0.055303369,17,0.019685039,0.131428571,0.023809524,2
13,3,9,0.33,0,0,0.33,1,0.33,0,14673,0.055303369,14,0.019685039,0.131428571,0.066225166,2
13,3,13,0,0,0.33,0,0.67,1,0,23131.33333,0.055303369,16,0.019685039,0.131428571,0.103571429,2
13,3,14,0,0.67,0.33,0,0,1,0,24450.66667,0.055303369,7,0.019685039,0.131428571,0.043046358,2
13,3,15,0.33,0,0.33,0,1,1,0,26710.5,0.055303369,17,0.019685039,0.131428571,0.114678899,3
13,3,2,0,0,0.67,0,0.67,1,0,25091.66667,0.055303369,11,0.019685039,0.131428571,0.036184211,2
13,3,22,0,0,0.67,0,0.33,0.67,0.33,24021,0.055303369,8,0.019685039,0.131428571,0.073359073,2
13,3,69,0.33,0,0.33,0,0.67,0.67,0,24522,0.055303369,10,0.019685039,0.131428571,0.047619048,2
13,3,32,0,0,1,0,1,1,0,22474.5,0.055303369,10,0.019685039,0.131428571,0.048387097,3
13,3,18,0.67,0.33,0,0.33,0.33,0.67,0.33,25159.5,0.055303369,9,0.019685039,0.131428571,0.097643098,2
13,3,24,0,0.33,0.67,0,0,1,0,22096.33333,0.055303369,10,0.019685039,0.131428571,0.045918367,2
817,9,1,0.67,0,0.33,0,0.67,1,0,23046.33333,0.06242087,8,0.007751938,0.130612245,0.126245847,2
817,9,3,0,0,0.33,0,0.33,1,0,24127.33333,0.06242087,5,0.007751938,0.130612245,0.028571429,2
817,9,17,0,0,0.67,0,0.33,1,0,21919,0.06242087,2,0.007751938,0.130612245,0.046357616,2
817,9,71,0,0,0.5,0,0.5,1,0,0,0.06242087,5,0.007751938,0.130612245,0.108433735,3
817,9,4,0,0.33,0.33,0,0,1,0,22190.33333,0.06242087,3,0.007751938,0.130612245,0.069536424,2
817,9,6,0.33,0.33,0.33,0.33,1,1,0,25351,0.06242087,1,0.007751938,0.130612245,0.160535117,1
817,9,7,0,0.33,0,0,0.33,1,0,22862,0.06242087,4,0.007751938,0.130612245,0.106382979,2
817,9,70,0,0,0.5,0,0.5,1,0,24554,0.06242087,5,0.007751938,0.130612245,0.023809524,2
817,9,9,0.33,0.33,0.33,0,1,0.67,0,27356,0.06242087,4,0.007751938,0.130612245,0.066225166,2
817,9,11,0,0.67,0,0,0.67,0.67,0,22134.5,0.06242087,3,0.007751938,0.130612245,0.043046358,1
817,9,13,0.33,0.33,0,0,0.33,1,0,22727.66667,0.06242087,5,0.007751938,0.130612245,0.103571429,1
817,9,14,0,0,1,0,0,1,0,24322,0.06242087,6,0.007751938,0.130612245,0.043046358,2
817,9,15,0.33,0.67,0,0.33,1,1,0,29113,0.06242087,2,0.007751938,0.130612245,0.114678899,1
817,9,2,0.33,0,0,0,0.33,0.67,0,23700.5,0.06242087,4,0.007751938,0.130612245,0.036184211,1
817,9,22,0,0,0,0,0.33,0.67,0.33,24336.66667,0.06242087,4,0.007751938,0.130612245,0.073359073,2
817,9,69,0,0.33,0,0,1,0.67,0,24359,0.06242087,3,0.007751938,0.130612245,0.047619048,1
817,9,32,0,0,1,0,1,1,0,22488,0.06242087,4,0.007751938,0.130612245,0.048387097,1
817,9,18,0.33,0,0,0,0,1,0,23662,0.06242087,6,0.007751938,0.130612245,0.097643098,2
817,9,24,0,0,0.33,0,0,1,0,22532,0.06242087,3,0.007751938,0.130612245,0.045918367,2
817,9,1,0.33,0,0.33,0,1,1,0,22314.33333,0.0624007,0,0.007751938,0.130612245,0.126245847,0
817,9,17,0,0,0.33,0,0.67,1,0,22607,0.0624007,5,0.007751938,0.130612245,0.046357616,2
817,9,3,0,0,0.33,0,0.33,1,0,24879.33333,0.0624007,4,0.007751938,0.130612245,0.028571429,2
817,9,71,0,0,0.33,0,0.67,1,0,0,0.0624007,5,0.007751938,0.130612245,0.108433735,0
817,9,4,0,0.33,0.33,0,0.33,1,0,23282.33333,0.0624007,6,0.007751938,0.130612245,0.069536424,1
817,9,6,0,0.67,0.33,0,1,0.67,0,25414,0.0624007,5,0.007751938,0.130612245,0.160535117,1
817,9,7,0,0.33,0.33,0,0.67,1,0,23763,0.0624007,6,0.007751938,0.130612245,0.106382979,1
817,9,73,0,0,1,0,0,1,0,20155,0.0624007,10,0.007751938,0.130612245,0.024390244,1
817,9,70,0,0,0.67,0,0.67,1,0,23797.33333,0.0624007,4,0.007751938,0.130612245,0.023809524,1
817,9,9,0.33,0.33,0,0,1,0.33,0,28483,0.0624007,19,0.007751938,0.130612245,0.066225166,2
817,9,11,0,1,0,0,0.67,0.67,0,22139.5,0.0624007,6,0.007751938,0.130612245,0.043046358,0
817,9,13,0.33,0.67,0,0,0.67,1,0,22614.33333,0.0624007,6,0.007751938,0.130612245,0.103571429,1
817,9,14,0,0,1,0,0,1,0,24093.33333,0.0624007,16,0.007751938,0.130612245,0.043046358,2
817,9,15,0,1,0,0,1,1,0,28887.5,0.0624007,3,0.007751938,0.130612245,0.114678899,1
817,9,2,0.33,0.33,0,0,0.67,1,0,24900.5,0.0624007,4,0.007751938,0.130612245,0.036184211,1
817,9,22,0,0,0.33,0,0.33,0.67,0.33,24897.66667,0.0624007,3,0.007751938,0.130612245,0.073359073,1
817,9,69,0,0.67,0,0,0.67,0.67,0,24128.33333,0.0624007,4,0.007751938,0.130612245,0.047619048,0
817,9,32,0,0.5,0.5,0,1,1,0,22465.5,0.0624007,16,0.007751938,0.130612245,0.048387097,0
817,9,18,0.33,0,0.33,0,0.33,0.67,0.33,24055.66667,0.0624007,14,0.007751938,0.130612245,0.097643098,2
817,9,24,0,0,0.67,0,0,1,0,21943,0.0624007,4,0.007751938,0.130612245,0.045918367,0
826,9,1,0.5,0,0.5,0,0.67,1,0,11960,0.056204576,18,0.013513514,0.130612245,0.126245847,0
826,9,3,0,0,0.5,0,0.33,1,0,25018.5,0.056204576,15,0.013513514,0.130612245,0.028571429,2
826,9,17,0.5,0,0,0,0.33,1,0,11814,0.056204576,6,0.013513514,0.130612245,0.046357616,1
826,9,71,0,0,0.5,0,0.5,1,0,0,0.056204576,8,0.013513514,0.130612245,0.108433735,3
826,5,4,0,0,0,0,0,1,0,22628.5,0.056204576,13,0.013513514,0.181415929,0.069536424,2
826,5,6,0.5,0,0,0,1,1,0,12559.5,0.056204576,8,0.013513514,0.181415929,0.160535117,0
826,5,7,0.5,0,0.5,0,0.33,1,0,24689.5,0.056204576,15,0.013513514,0.181415929,0.106382979,3
826,5,70,0.5,0,0,0,0.5,1,0,22008.5,0.056204576,22,0.013513514,0.181415929,0.023809524,0
826,5,9,0,0,1,0,1,0.67,0,28575,0.056204576,15,0.013513514,0.181415929,0.066225166,2
826,5,11,0,0.5,0,0,0.67,0.67,0,20025.5,0.056204576,12,0.013513514,0.181415929,0.043046358,3
826,5,13,0,0,0.5,0,0.33,1,0,23499.5,0.056204576,19,0.013513514,0.181415929,0.103571429,3
826,5,14,0,0,0,0,0,1,0,24267.5,0.056204576,16,0.013513514,0.181415929,0.043046358,0
826,5,15,0,0,0.5,0,1,1,0,0,0.056204576,7,0.013513514,0.181415929,0.114678899,2
826,5,2,0,0,0.5,0,0.33,0.67,0,25719,0.056204576,15,0.013513514,0.181415929,0.036184211,3
826,5,22,0,0,0,0,0.33,0.67,0.33,24967.5,0.056204576,13,0.013513514,0.181415929,0.073359073,3
826,5,69,0.5,0,0,0.5,1,0.67,0,25873,0.056204576,13,0.013513514,0.181415929,0.047619048,3
826,5,32,0,0,0,0,1,1,0,22518,0.056204576,18,0.013513514,0.181415929,0.048387097,3
826,5,18,0,0,0.5,0,0,1,0,24178,0.056204576,14,0.013513514,0.181415929,0.097643098,3
826,5,24,0.5,0,0,0,0,1,0,22901.5,0.056204576,17,0.013513514,0.181415929,0.045918367,0
826,5,1,0.67,0,0.33,0,1,1,0,7973.333333,0.054047643,9,0.013513514,0.181415929,0.126245847,2
826,5,17,0.33,0.33,0,0,0.67,1,0,15437.33333,0.054047643,9,0.013513514,0.181415929,0.046357616,0
826,5,3,0,0,0.67,0,0.33,1,0,24753.66667,0.054047643,11,0.013513514,0.181415929,0.028571429,3
826,5,71,0,0,0.33,0,0.67,1,0,0,0.054047643,12,0.013513514,0.181415929,0.108433735,3
826,5,4,0,0,0,0,0.33,1,0,22675.33333,0.054047643,19,0.013513514,0.181415929,0.069536424,2
826,5,6,0.67,0,0,0.33,1,0.67,0,17605.66667,0.054047643,9,0.013513514,0.181415929,0.160535117,0
826,5,7,0.33,0,0.33,0,0.67,1,0,24002,0.054047643,11,0.013513514,0.181415929,0.106382979,0
826,5,73,1,0,0,0,0,1,0,24802,0.054047643,11,0.013513514,0.181415929,0.024390244,0
826,5,70,0.67,0,0,0,0.67,1,0,14672.33333,0.054047643,14,0.013513514,0.181415929,0.023809524,3
826,5,9,0,0,0.67,0,1,0.33,0,28575,0.054047643,12,0.013513514,0.181415929,0.066225166,3
826,5,11,0,0.33,0,0,0.67,0.67,0,22667.33333,0.054047643,16,0.013513514,0.181415929,0.043046358,3
826,5,13,0,0,0.33,0,0.67,1,0,23454,0.054047643,19,0.013513514,0.181415929,0.103571429,3
826,5,14,0.33,0,0,0,0,1,0,24299.33333,0.054047643,8,0.013513514,0.181415929,0.043046358,3
826,5,15,0,0,0.67,0,1,1,0,29205,0.054047643,13,0.013513514,0.181415929,0.114678899,0
826,5,69,0.33,0,0,0.33,0.67,0.67,0,25873,0.054047643,11,0.013513514,0.181415929,0.047619048,2
815,10,1,0,0,0,0,0.67,1,0,23413.33333,0.058460105,9,0.02238806,0.086614173,0.126245847,3
815,10,3,0,0.33,0.67,0,0.33,1,0,23781.33333,0.058460105,18,0.02238806,0.086614173,0.028571429,3
815,10,17,0,0,0.33,0,0.33,1,0,22344.33333,0.058460105,7,0.02238806,0.086614173,0.046357616,3
815,10,71,0,0.5,0,0,0.5,1,0,0,0.058460105,6,0.02238806,0.086614173,0.108433735,2
815,10,4,0,0,0.67,0,0,1,0,21567,0.058460105,9,0.02238806,0.086614173,0.069536424,2
815,10,6,0.33,0,0.33,0.33,1,1,0,16597,0.058460105,7,0.02238806,0.086614173,0.160535117,1
815,10,7,0,0,0,0.33,0.33,1,0,22721.66667,0.058460105,11,0.02238806,0.086614173,0.106382979,2
815,10,70,0,0,1,0,0.5,1,0,24324.5,0.058460105,16,0.02238806,0.086614173,0.023809524,0
815,10,9,0,0,0.33,0,1,0.67,0,25028,0.058460105,10,0.02238806,0.086614173,0.066225166,2
815,10,11,0.67,0,0.33,0.33,0.67,0.67,0,24128.5,0.058460105,13,0.02238806,0.086614173,0.043046358,3
815,10,13,0,0,0.67,0,0.33,1,0,22830.66667,0.058460105,6,0.02238806,0.086614173,0.103571429,2
815,10,14,0,0,0.67,0,0,1,0,25050.66667,0.058460105,8,0.02238806,0.086614173,0.043046358,2
815,10,15,0,0,1,0,1,1,0,29339,0.058460105,17,0.02238806,0.086614173,0.114678899,2
815,10,2,0.33,0,0.33,0,0.33,0.67,0,10683,0.058460105,7,0.02238806,0.086614173,0.036184211,2
815,10,22,0,0,0,0,0.33,0.67,0.33,25055,0.058460105,5,0.02238806,0.086614173,0.073359073,2
815,10,69,0.33,0,0.67,0,1,0.67,0,16179.33333,0.058460105,11,0.02238806,0.086614173,0.047619048,2
815,10,32,0,0,1,0,1,1,0,23547,0.058460105,12,0.02238806,0.086614173,0.048387097,2
815,10,18,0,0,0.33,0,0,1,0,23064.5,0.058460105,9,0.02238806,0.086614173,0.097643098,2
815,10,24,0,0,1,0,0,1,0,21937,0.058460105,8,0.02238806,0.086614173,0.045918367,2
815,10,1,0,0,0,0,1,1,0,24267.5,0.059348731,10,0.02238806,0.086614173,0.126245847,2
815,10,17,0,0,0.33,0,0.67,1,0,23043.66667,0.059348731,8,0.02238806,0.086614173,0.046357616,2
815,10,3,0,0.33,0.33,0,0.33,1,0,24847.33333,0.059348731,18,0.02238806,0.086614173,0.028571429,2
815,10,71,0,0.33,0.33,0,0.67,1,0,0,0.059348731,9,0.02238806,0.086614173,0.108433735,2
815,10,4,0,0,0.67,0,0.33,1,0,22208.66667,0.059348731,8,0.02238806,0.086614173,0.069536424,2
815,10,6,0.33,0.33,0.33,0.33,1,0.67,0,16909,0.059348731,7,0.02238806,0.086614173,0.160535117,3
815,10,7,0,0,0,0.33,0.67,1,0,24039,0.059348731,8,0.02238806,0.086614173,0.106382979,2
815,10,70,0,0,0.67,0,0.67,1,0,22206.33333,0.059348731,7,0.02238806,0.086614173,0.023809524,2
815,10,9,0,0,0.67,0,1,0.33,0,28915,0.059348731,6,0.02238806,0.086614173,0.066225166,2
815,10,11,0.67,0,0,0.33,0.67,0.67,0,25535,0.059348731,13,0.02238806,0.086614173,0.043046358,2
815,10,13,0,0,1,0,0.67,1,0,22849,0.059348731,8,0.02238806,0.086614173,0.103571429,0
815,10,14,0,0,1,0,0,1,0,24417.33333,0.059348731,10,0.02238806,0.086614173,0.043046358,2
815,10,15,0,0,1,0,1,1,0,29040.5,0.059348731,12,0.02238806,0.086614173,0.114678899,2
815,10,2,0.33,0,0.33,0,0.67,1,0,11973.5,0.059348731,9,0.02238806,0.086614173,0.036184211,2
815,10,22,0,0,0.33,0,0.33,0.67,0.33,24100.33333,0.059348731,7,0.02238806,0.086614173,0.073359073,2
815,10,69,0.33,0,0.67,0,0.67,0.67,0,16399,0.059348731,9,0.02238806,0.086614173,0.047619048,2
815,10,32,0,0,0.5,0,1,1,0,22880,0.059348731,9,0.02238806,0.086614173,0.048387097,2
815,10,18,0,0,0,0,0.33,0.67,0.33,23732,0.059348731,5,0.02238806,0.086614173,0.097643098,2
815,10,24,0,0,1,0,0,1,0,22151,0.059348731,8,0.02238806,0.086614173,0.045918367,2
4,1,1,0,0.5,0,0,0.67,1,0,21841,0.047694842,11,0.011538462,0.155893536,0.126245847,0
4,1,17,0,0.67,0,0,0.33,1,0,22434.66667,0.047694842,11,0.011538462,0.155893536,0.046357616,3
4,1,71,0,0,0.5,0,0.5,1,0,0,0.047694842,14,0.011538462,0.155893536,0.108433735,2
4,1,4,0.33,0.33,0.33,0,0,1,0,21287.66667,0.047694842,10,0.011538462,0.155893536,0.069536424,0
4,1,6,0.33,0,0.33,0,1,1,0,25494,0.047694842,9,0.011538462,0.155893536,0.160535117,2
4,1,7,0.33,0.33,0.33,0,0.33,1,0,22659.66667,0.047694842,10,0.011538462,0.155893536,0.106382979,3
4,1,70,0.5,0,0.5,0.5,0.5,1,0,10638,0.047694842,14,0.011538462,0.155893536,0.023809524,0
4,1,9,0,0.33,0.33,0,1,0.67,0,25018,0.047694842,9,0.011538462,0.155893536,0.066225166,3
4,1,11,0,0.33,0.67,0,0.67,0.67,0,20088.66667,0.047694842,7,0.011538462,0.155893536,0.043046358,2
4,1,13,0,0.33,0.33,0,0.33,1,0,22869.66667,0.047694842,22,0.011538462,0.155893536,0.103571429,2
4,1,14,0.33,0.33,0,0,0,1,0,22831.66667,0.047694842,12,0.011538462,0.155893536,0.043046358,3
4,1,15,0.33,0.33,0,0,1,1,0,29083.5,0.047694842,9,0.011538462,0.155893536,0.114678899,2
4,1,2,0.67,0,0,0.33,0.33,0.67,0,16621,0.047694842,22,0.011538462,0.155893536,0.036184211,2
4,1,22,0.33,0,0,0,0.33,0.67,0.33,23303,0.047694842,15,0.011538462,0.155893536,0.073359073,3
4,1,69,0,0,0.67,0,1,0.67,0,24451.66667,0.047694842,12,0.011538462,0.155893536,0.047619048,2
4,1,32,1,0,0,0,1,1,0,0,0.047694842,11,0.011538462,0.155893536,0.048387097,3
4,1,18,0,0.33,0.33,0,0,1,0,23206.33333,0.047694842,10,0.011538462,0.155893536,0.097643098,2
4,1,24,0,0,0.67,0,0,1,0,21966,0.047694842,9,0.011538462,0.155893536,0.045918367,2
4,1,1,0.5,0,0,0.5,1,1,0,21887,0.056094703,12,0.011538462,0.155893536,0.126245847,0
4,1,17,0,0.33,0,0,0.67,1,0,23073,0.056094703,13,0.011538462,0.155893536,0.046357616,0
4,1,3,0,0,0.5,0,0.33,1,0,24685.5,0.056094703,15,0.011538462,0.155893536,0.028571429,0
4,1,71,0,0,0.67,0,0.67,1,0,0,0.056094703,15,0.011538462,0.155893536,0.108433735,0
4,1,4,0.67,0,0.33,0,0.33,1,0,22793,0.056094703,7,0.011538462,0.155893536,0.069536424,3
4,1,7,0.33,0,0.33,0,0.67,1,0,25098.33333,0.056094703,12,0.011538462,0.155893536,0.106382979,0
4,1,73,1,0,0,0,0,1,0,20654,0.056094703,19,0.011538462,0.155893536,0.024390244,2
4,1,70,0.33,0,0.33,0.33,0.67,1,0,13156.66667,0.056094703,12,0.011538462,0.155893536,0.023809524,0
4,1,9,0,0,0.33,0,1,0.33,0,28936,0.056094703,20,0.011538462,0.155893536,0.066225166,0
4,1,11,0,0.33,0.67,0,0.67,0.67,0,20136.66667,0.056094703,7,0.011538462,0.155893536,0.043046358,2
4,1,13,0,0,0.67,0,0.67,1,0,23082.5,0.056094703,10,0.011538462,0.155893536,0.103571429,0
4,1,14,0.33,0,0,0,0,1,0,22789.66667,0.056094703,19,0.011538462,0.155893536,0.043046358,0
4,1,15,0.33,0,0.33,0,1,1,0,28991,0.056094703,8,0.011538462,0.155893536,0.114678899,0
4,1,2,0.33,0,0.33,0,0.67,1,0,24594.33333,0.056094703,10,0.011538462,0.155893536,0.036184211,3
4,1,22,0.33,0,0,0,0.33,0.67,0.33,23399.5,0.056094703,20,0.011538462,0.155893536,0.073359073,3
4,1,69,0,0,0.67,0,0.67,0.67,0,24946,0.056094703,8,0.011538462,0.155893536,0.047619048,0
4,1,32,0.5,0,0,0,1,1,0,12585.5,0.056094703,18,0.011538462,0.155893536,0.048387097,2
4,1,18,0,0,0.33,0,0.33,0.67,0.33,23443.5,0.056094703,6,0.011538462,0.155893536,0.097643098,2
4,1,24,0,0,0.33,0,0,1,0,22231,0.056094703,11,0.011538462,0.155893536,0.045918367,2
18,1,1,0,0.33,0.33,0,0.67,1,0,22430,0.05747515,12,0.020661157,0.155893536,0.126245847,3
18,1,3,0.33,0,0,0,0.33,1,0,23237.5,0.05747515,14,0.020661157,0.155893536,0.028571429,0
18,1,17,0,0,0.33,0,0.33,1,0,21894.33333,0.05747515,12,0.020661157,0.155893536,0.046357616,3
18,1,71,0,0,0.5,0,0.5,1,0,0,0.05747515,12,0.020661157,0.155893536,0.108433735,2
18,1,4,0,0,0.33,0,0,1,0,22588,0.05747515,12,0.020661157,0.155893536,0.069536424,2
18,1,6,0,0,1,0,1,1,0,25079.33333,0.05747515,13,0.020661157,0.155893536,0.160535117,2
18,1,7,0.33,0,0,0,0.33,1,0,22631,0.05747515,12,0.020661157,0.155893536,0.106382979,0
18,1,70,0.5,0,0,0,0.5,1,0,24984.5,0.05747515,3,0.020661157,0.155893536,0.023809524,2
18,1,9,0.33,0,0,0.33,1,0.67,0,17667.33333,0.05747515,17,0.020661157,0.155893536,0.066225166,3
18,1,11,0,0,0.67,0,0.67,0.67,0,20448.66667,0.05747515,8,0.020661157,0.155893536,0.043046358,0
18,1,13,0,0,0.67,0,0.33,1,0,23222,0.05747515,9,0.020661157,0.155893536,0.103571429,0
18,1,14,0,0,0.33,0,0,1,0,24476.33333,0.05747515,14,0.020661157,0.155893536,0.043046358,3
18,1,15,0.67,0,0.33,0,1,1,0,28627,0.05747515,12,0.020661157,0.155893536,0.114678899,0
18,1,2,0.33,0,0.33,0,0.33,0.67,0,25437,0.05747515,9,0.020661157,0.155893536,0.036184211,2
18,1,22,0,0,0.67,0,0.33,0.67,0.33,23887.66667,0.05747515,22,0.020661157,0.155893536,0.073359073,3
18,1,69,0,0,0.33,0,1,0.67,0,24332.33333,0.05747515,19,0.020661157,0.155893536,0.047619048,2
18,1,32,0,0,0,0,1,1,0,23018,0.05747515,13,0.020661157,0.155893536,0.048387097,3
18,1,18,0,0,0,0,0,1,0,23524.33333,0.05747515,17,0.020661157,0.155893536,0.097643098,3
18,1,24,0,0,0.33,0,0,1,0,21956,0.05747515,12,0.020661157,0.155893536,0.045918367,0
18,1,6,0,0,1,0,1,0.67,0,25367.66667,0.052082693,20,0.020661157,0.155893536,0.160535117,0
828,15,1,0.5,0,0.5,0,0.67,1,0,22795.5,0.056729423,15,0.013157895,0.14025974,0.126245847,0
828,15,3,0.5,0,0,0,0.33,1,0,25930.5,0.056729423,17,0.013157895,0.14025974,0.028571429,3
828,15,17,0,0,0,0,0.33,1,0,24279,0.056729423,15,0.013157895,0.14025974,0.046357616,3
828,15,71,0.5,0,0,0.5,0.5,1,0,0,0.056729423,22,0.013157895,0.14025974,0.108433735,3
828,15,4,0,0,0,0,0,1,0,24771.5,0.056729423,19,0.013157895,0.14025974,0.069536424,3
828,15,6,0,0,0,0,1,1,0,25409.5,0.056729423,17,0.013157895,0.14025974,0.160535117,0
828,15,7,0.5,0,0,0,0.33,1,0,12074.5,0.056729423,21,0.013157895,0.14025974,0.106382979,3
828,15,70,0,0,0,0,0.5,1,0,23813.5,0.056729423,18,0.013157895,0.14025974,0.023809524,3
828,15,9,0.5,0,0,0,1,0.67,0,0,0.056729423,22,0.013157895,0.14025974,0.066225166,0
828,15,11,0.5,0,0,0.5,0.67,0.67,0,8736,0.056729423,22,0.013157895,0.14025974,0.043046358,3
828,15,13,0,0,0,0,0.33,1,0,23948.5,0.056729423,20,0.013157895,0.14025974,0.103571429,0
828,15,14,0,0,0.5,0,0,1,0,26763.5,0.056729423,19,0.013157895,0.14025974,0.043046358,3
828,15,15,0,0,0,0,1,1,0,0,0.056729423,14,0.013157895,0.14025974,0.114678899,3
828,15,2,0.5,0,0,0,0.33,0.67,0,13015,0.056729423,17,0.013157895,0.14025974,0.036184211,3
828,15,22,0,0,0,0,0.33,0.67,0.33,24548,0.056729423,18,0.013157895,0.14025974,0.073359073,3
828,15,69,1,0,0,0,1,0.67,0,0,0.056729423,16,0.013157895,0.14025974,0.047619048,3
828,15,32,0,0,0,0,1,1,0,23292,0.056729423,15,0.013157895,0.14025974,0.048387097,3
828,15,18,0,0,0,0,0,1,0,25102,0.056729423,20,0.013157895,0.14025974,0.097643098,0
828,15,24,0,0,0,0,0,1,0,22200,0.056729423,22,0.013157895,0.14025974,0.045918367,3
828,15,1,0.67,0,0.33,0,1,1,0,20842.33333,0.051905013,14,0.013157895,0.14025974,0.126245847,0
828,15,17,0,0,0,0,0.67,1,0,24040.33333,0.051905013,14,0.013157895,0.14025974,0.046357616,3
828,15,3,0.33,0,0,0,0.33,1,0,25741.33333,0.051905013,19,0.013157895,0.14025974,0.028571429,0
828,15,71,0.33,0,0,0.33,0.67,1,0,0,0.051905013,18,0.013157895,0.14025974,0.108433735,3
828,15,4,0,0,0,0,0.33,1,0,24146.66667,0.051905013,16,0.013157895,0.14025974,0.069536424,3
828,15,6,0.33,0,0,0.33,1,0.67,0,25409.5,0.051905013,19,0.013157895,0.14025974,0.160535117,0
828,15,7,0.33,0,0,0,0.67,1,0,15816,0.051905013,19,0.013157895,0.14025974,0.106382979,3
828,15,73,0,0,0,0,0,1,0,20559,0.051905013,17,0.013157895,0.14025974,0.024390244,3
828,15,70,0,0,0,0,0.67,1,0,23984.33333,0.051905013,19,0.013157895,0.14025974,0.023809524,3
828,15,9,0.67,0,0,0,1,0.33,0,0,0.051905013,18,0.013157895,0.14025974,0.066225166,3
828,15,11,0.33,0,0,0.33,0.67,0.67,0,13593.33333,0.051905013,20,0.013157895,0.14025974,0.043046358,3
828,15,13,0.33,0,0,0,0.67,1,0,15965.66667,0.051905013,17,0.013157895,0.14025974,0.103571429,3
828,15,14,0,0,0.33,0,0,1,0,26224,0.051905013,11,0.013157895,0.14025974,0.043046358,0
828,15,15,0,0,0,0,1,1,0,0,0.051905013,20,0.013157895,0.14025974,0.114678899,0
828,15,2,0.33,0,0,0,0.67,1,0,16912,0.051905013,19,0.013157895,0.14025974,0.036184211,3
828,15,22,0,0,0,0,0.33,0.67,0.33,24369,0.051905013,16,0.013157895,0.14025974,0.073359073,0
828,15,69,0.5,0,0,0,0.67,0.67,0,25229,0.051905013,13,0.013157895,0.14025974,0.047619048,3
828,15,32,0,0,0,0,1,1,0,23292,0.051905013,12,0.013157895,0.14025974,0.048387097,0
828,15,18,0.5,0,0,0.5,0.33,0.67,0.33,25248.5,0.051905013,17,0.013157895,0.14025974,0.097643098,3
828,15,24,0,0,0,0,0,1,0,22595.5,0.051905013,19,0.013157895,0.14025974,0.045918367,3
836,209,1,0,0,0.33,0,0.67,1,0,0,0.055303369,21,0.025641026,0.102564103,0.126245847,3
836,209,3,0,0,0.33,0,0.33,1,0,0,0.055303369,16,0.025641026,0.102564103,0.028571429,3
836,209,17,0,0,0.33,0,0.33,1,0,0,0.055303369,21,0.025641026,0.102564103,0.046357616,3
836,209,71,0,0,0.33,0,0.5,1,0,0,0.055303369,20,0.025641026,0.102564103,0.108433735,3
836,209,4,0,0,0.33,0,0,1,0,0,0.055303369,21,0.025641026,0.102564103,0.069536424,3
836,209,6,0,0,0.33,0,1,1,0,0,0.055303369,20,0.025641026,0.102564103,0.160535117,3
836,209,7,0,0,0.33,0,0.33,1,0,0,0.055303369,17,0.025641026,0.102564103,0.106382979,3
836,209,70,0,0,0.33,0,0.5,1,0,0,0.055303369,12,0.025641026,0.102564103,0.023809524,2
836,209,9,0,0,0.33,0,1,0.67,0,0,0.055303369,20,0.025641026,0.102564103,0.066225166,0
836,209,11,0,0,0.33,0,0.67,0.67,0,0,0.055303369,20,0.025641026,0.102564103,0.043046358,3
836,209,13,0,0,0.33,0,0.33,1,0,0,0.055303369,15,0.025641026,0.102564103,0.103571429,0
836,209,14,0,0,0.33,0,0,1,0,0,0.055303369,13,0.025641026,0.102564103,0.043046358,0
836,209,15,0,0,0.33,0,1,1,0,0,0.055303369,19,0.025641026,0.102564103,0.114678899,3
836,209,2,0,0,0.33,0,0.33,0.67,0,0,0.055303369,21,0.025641026,0.102564103,0.036184211,3
836,209,22,0,0,0.33,0,0.33,0.67,0.33,0,0.055303369,21,0.025641026,0.102564103,0.073359073,3
836,209,69,0,0,0.33,0,1,0.67,0,0,0.055303369,20,0.025641026,0.102564103,0.047619048,3
836,209,32,0,0,0.33,0,1,1,0,0,0.055303369,16,0.025641026,0.102564103,0.048387097,0
836,209,18,0,0,0.33,0,0,1,0,0,0.055303369,19,0.025641026,0.102564103,0.097643098,3
836,209,24,0,0,0.33,0,0,1,0,0,0.055303369,16,0.025641026,0.102564103,0.045918367,3
836,15,3,0,0,0,0,0.33,1,0,25419,0.057764566,13,0.025641026,0.14025974,0.028571429,3
836,15,71,0,0,0,0,0.67,1,0,0,0.057764566,17,0.025641026,0.14025974,0.108433735,3
836,15,4,0,0,0,0,0.33,1,0,24387,0.057764566,15,0.025641026,0.14025974,0.069536424,2
836,15,6,0,0,0,0,1,0.67,0,26517,0.057764566,18,0.025641026,0.14025974,0.160535117,0
836,15,7,0,0,0,0,0.67,1,0,24516,0.057764566,20,0.025641026,0.14025974,0.106382979,3
836,15,73,1,0,0,0,0,1,0,26187,0.057764566,14,0.025641026,0.14025974,0.024390244,2
836,15,70,0,0,0,0,0.67,1,0,18342,0.057764566,20,0.025641026,0.14025974,0.023809524,3
836,15,9,1,0,0,0,1,0.33,0,0,0.057764566,17,0.025641026,0.14025974,0.066225166,3
836,15,11,0,0,0,0,0.67,0.67,0,22765,0.057764566,18,0.025641026,0.14025974,0.043046358,3
836,15,13,1,0,0,0,0.67,1,0,0,0.057764566,18,0.025641026,0.14025974,0.103571429,0
836,15,14,1,0,0,0,0,1,0,25962,0.057764566,12,0.025641026,0.14025974,0.043046358,3
836,15,15,0,0,0,0,1,1,0,0,0.057764566,19,0.025641026,0.14025974,0.114678899,3
836,15,2,0,0,0,0,0.67,1,0,25201,0.057764566,18,0.025641026,0.14025974,0.036184211,3
836,15,22,0,0,0,0,0.33,0.67,0.33,25461,0.057764566,17,0.025641026,0.14025974,0.073359073,3
836,15,69,0,0,0,0,0.67,0.67,0,25182,0.057764566,14,0.025641026,0.14025974,0.047619048,0
836,15,32,1,0,0,1,1,1,0,0,0.057764566,13,0.025641026,0.14025974,0.048387097,3
836,15,18,0,0,0,0,0.33,0.67,0.33,25509,0.057764566,15,0.025641026,0.14025974,0.097643098,3
836,15,24,0,0,0,0,0,1,0,22949,0.057764566,18,0.025641026,0.14025974,0.045918367,3
837,209,1,0,0,0.33,0,0.67,1,0,0,0.055303369,22,0.083333333,0.102564103,0.126245847,0
837,209,3,0,0,0.33,0,0.33,1,0,0,0.055303369,20,0.083333333,0.102564103,0.028571429,3
837,209,17,0,0,0.33,0,0.33,1,0,0,0.055303369,20,0.083333333,0.102564103,0.046357616,3
837,209,71,0,0,0.33,0,0.5,1,0,0,0.055303369,21,0.083333333,0.102564103,0.108433735,0
837,209,4,0,0,0.33,0,0,1,0,0,0.055303369,22,0.083333333,0.102564103,0.069536424,3
837,209,6,0,0,0.33,0,1,1,0,0,0.055303369,19,0.083333333,0.102564103,0.160535117,3
837,209,7,0,0,0.33,0,0.33,1,0,0,0.055303369,19,0.083333333,0.102564103,0.106382979,3
837,209,70,0,0,0.33,0,0.5,1,0,0,0.055303369,20,0.083333333,0.102564103,0.023809524,3
837,209,9,0,0,0.33,0,1,0.67,0,0,0.055303369,19,0.083333333,0.102564103,0.066225166,0
837,209,11,0,0,0.33,0,0.67,0.67,0,0,0.055303369,21,0.083333333,0.102564103,0.043046358,3
154,210,1,0.67,0,0,0,0.67,1,0,14932.66667,0.05339304,19,0.016129032,0.182926829,0.126245847,2
154,210,3,0,0.33,0.33,0,0.33,1,0,24169.33333,0.05339304,9,0.016129032,0.182926829,0.028571429,2
154,210,17,0.33,0,0.67,0,0.33,1,0,22309,0.05339304,14,0.016129032,0.182926829,0.046357616,3
154,210,71,0.5,0,0,0.5,0.5,1,0,0,0.05339304,15,0.016129032,0.182926829,0.108433735,2
154,210,4,0,0,0.67,0,0,1,0,11039,0.05339304,14,0.016129032,0.182926829,0.069536424,0
154,210,6,0.33,0,0.33,0.33,1,1,0,25053,0.05339304,15,0.016129032,0.182926829,0.160535117,3
154,210,7,0.33,0,0,0,0.33,1,0,23240.66667,0.05339304,14,0.016129032,0.182926829,0.106382979,3
154,210,70,0.5,0,0,0,0.5,1,0,23114,0.05339304,13,0.016129032,0.182926829,0.023809524,2
154,210,9,0.33,0,0,0.33,1,0.67,0,12955.5,0.05339304,13,0.016129032,0.182926829,0.066225166,0
154,210,11,0.33,0,0.67,0.33,0.67,0.67,0,21181.33333,0.05339304,11,0.016129032,0.182926829,0.043046358,3
154,210,13,0.33,0.33,0.33,0,0.33,1,0,23835.66667,0.05339304,11,0.016129032,0.182926829,0.103571429,3
154,210,14,0.33,0,0.33,0,0,1,0,17379.33333,0.05339304,17,0.016129032,0.182926829,0.043046358,3
154,210,15,0.33,0,0,0,1,1,0,0,0.05339304,20,0.016129032,0.182926829,0.114678899,0
154,210,2,0,0,0.33,0,0.33,0.67,0,24711.33333,0.05339304,12,0.016129032,0.182926829,0.036184211,0
154,210,22,0,0.33,0.33,0,0.33,0.67,0.33,23808.33333,0.05339304,7,0.016129032,0.182926829,0.073359073,3
154,210,69,0.33,0.33,0,0,1,0.67,0,25136,0.05339304,17,0.016129032,0.182926829,0.047619048,2
154,210,32,0,0,0,0,1,1,0,23101,0.05339304,22,0.016129032,0.182926829,0.048387097,3
154,210,18,0.33,0,0.33,0,0,1,0,15718.33333,0.05339304,7,0.016129032,0.182926829,0.097643098,0
154,210,24,0,0,0.33,0,0,1,0,22031.33333,0.05339304,14,0.016129032,0.182926829,0.045918367,3
154,210,1,0.67,0,0.33,0,1,1,0,11132,0.041853526,6,0.016129032,0.182926829,0.126245847,0
154,210,17,0.33,0,0.33,0,0.67,1,0,23367.33333,0.041853526,19,0.016129032,0.182926829,0.046357616,3
154,210,3,0,0,0.67,0,0.33,1,0,25476,0.041853526,9,0.016129032,0.182926829,0.028571429,2
154,210,71,0.33,0,0.33,0.33,0.67,1,0,0,0.041853526,19,0.016129032,0.182926829,0.108433735,0
154,210,4,0.33,0,0.67,0,0.33,1,0,22078,0.041853526,14,0.016129032,0.182926829,0.069536424,2
154,210,6,0,0,0.33,0,1,0.67,0,25072.33333,0.041853526,8,0.016129032,0.182926829,0.160535117,2
154,210,7,0.33,0,0,0,0.67,1,0,24074,0.041853526,14,0.016129032,0.182926829,0.106382979,2
154,210,73,0,0,0,0,0,1,0,23588,0.041853526,16,0.016129032,0.182926829,0.024390244,3
154,210,70,0.33,0,0.33,0,0.67,1,0,21927.33333,0.041853526,6,0.016129032,0.182926829,0.023809524,2
154,210,9,0.67,0,0,0.33,1,0.33,0,0,0.041853526,10,0.016129032,0.182926829,0.066225166,3
154,210,11,0.33,0,0.33,0.33,0.67,0.67,0,21132,0.041853526,14,0.016129032,0.182926829,0.043046358,0
154,210,13,0.33,0.33,0,0,0.67,1,0,23723,0.041853526,11,0.016129032,0.182926829,0.103571429,2
154,210,14,0.33,0,0,0,0,1,0,16812.66667,0.041853526,20,0.016129032,0.182926829,0.043046358,3
154,210,15,0.33,0,0,0,1,1,0,0,0.041853526,15,0.016129032,0.182926829,0.114678899,2
154,210,2,0.33,0,0,0,0.67,1,0,17249.66667,0.041853526,16,0.016129032,0.182926829,0.036184211,3
154,210,22,0,0,0.33,0,0.33,0.67,0.33,24589.33333,0.041853526,13,0.016129032,0.182926829,0.073359073,2
154,210,69,0.33,0,0,0,0.67,0.67,0,25862.66667,0.041853526,12,0.016129032,0.182926829,0.047619048,3
154,210,32,0,0,0,0,1,1,0,23389.5,0.041853526,15,0.016129032,0.182926829,0.048387097,3
154,210,18,0.33,0,0.33,0,0.33,0.67,0.33,15718.33333,0.041853526,11,0.016129032,0.182926829,0.097643098,3
154,210,24,0,0,0.33,0,0,1,0,22111.66667,0.041853526,16,0.016129032,0.182926829,0.045918367,3
